﻿Designator,Quantity,Value,Footprint,Package,MPN,DNP,Mount_Type,Description,Manufacturer,DigiKey Link
BT1,1,1056,BAT_1056,,1056,,smt,"Battery Holder (Open) Coin, 12.5mm 1 Cell SMD (SMT) Tab",Keystone Electronics,https://www.digikey.com/en/products/detail/keystone-electronics/1056/2020198
"C10, C11, C24, C34, C35, C36, C46, C8, C9",9,0.1u,C_0603_1608Metric_Pad1.08x0.95mm_HandSolder,,CL10B104KO8NNNC,,smt,0.1 µF ±10% 16V Ceramic Capacitor X7R 0603 (1608 Metric),Samsung Electro-Mechanics,https://www.digikey.com/en/products/detail/samsung-electro-mechanics/CL10B104KO8NNNC/3886663
"C12, C14",2,22uF,CP_Elec_8x10,,UUX2A220MNL6GS,,smt,"22 µF 100 V Aluminum Electrolytic Capacitors Radial, Can - SMD 2000 Hrs @ 105°C",Nichicon,https://www.digikey.com/en/products/detail/nichicon/UUX2A220MNL6GS/2550557
"C13, C15",2,0.1uF,C_1206_3216Metric_Pad1.33x1.80mm_HandSolder,,CL31B104KEHSFNE,,smt,0.1 µF ±10% 250V Ceramic Capacitor X7R 1206 (3216 Metric),Samsung Electro-Mechanics,https://www.digikey.com/en/products/detail/samsung-electro-mechanics/CL31B104KEHSFNE/3888741
"C16, C25, C26, C27",4,10u,C_0805_2012Metric_Pad1.18x1.45mm_HandSolder,,CL21A106KOQNNNG,,smt,10 µF ±10% 16V Ceramic Capacitor X5R 0805 (2012 Metric),Samsung Electro-Mechanics,https://www.digikey.com/en/products/detail/samsung-electro-mechanics/CL21A106KOQNNNG/3894417
"C17, C29",2,1uF,C_0603_1608Metric_Pad1.08x0.95mm_HandSolder,,CL10B105KO8NNNC,,smt,1 µF ±10% 16V Ceramic Capacitor X7R 0603 (1608 Metric),Samsung Electro-Mechanics,https://www.digikey.com/en/products/detail/samsung-electro-mechanics/CL10B105KO8NNNC/3886677
"C19, C30",2,0.01uF,C_0402_1005Metric_Pad0.74x0.62mm_HandSolder,,CL05B103KB5NNNC,,smt,10000 pF ±10% 50V Ceramic Capacitor X7R 0402 (1005 Metric),Samsung Electro-Mechanics,https://www.digikey.com/en/products/detail/samsung-electro-mechanics/CL05B103KB5NNNC/3886686
"C20, C28",2,470pF,C_0603_1608Metric_Pad1.08x0.95mm_HandSolder,,CL10C471JB8NNNC,,smt,"470 pF ±5% 50V Ceramic Capacitor C0G, NP0 0603 (1608 Metric)",Samsung Electro-Mechanics,https://www.digikey.com/en/products/detail/samsung-electro-mechanics/CL10C471JB8NNNC/3886826
C21,1,1uF,C_0603_1608Metric_Pad1.08x0.95mm_HandSolder,,CL10B105KP8NNNC,,smt,1 µF ±10% 10V Ceramic Capacitor X7R 0603 (1608 Metric),Samsung Electro-Mechanics,https://www.digikey.com/en/products/detail/samsung-electro-mechanics/CL10B105KP8NNNC/3887604
"C22, C23, C40",3,0.1uF,C_0603_1608Metric_Pad1.08x0.95mm_HandSolder,,GCM188R71H104KA57J,,smt,0.1 µF ±10% 50V Ceramic Capacitor X7R 0603 (1608 Metric),GCM188R71H104KA57J,https://www.digikey.com/en/products/detail/murata-electronics/GCM188R71H104KA57J/2591942
"C31, C32",2,1uF,C_0603_1608Metric_Pad1.08x0.95mm_HandSolder,,,,smt,"Unpolarized capacitor, small symbol",,
"C37, C38",2,0.33uF,C_0603_1608Metric_Pad1.08x0.95mm_HandSolder,,CL10B334KO8NNNC,,smt,0.33 µF ±10% 16V Ceramic Capacitor X7R 0603 (1608 Metric),Samsung Electro-Mechanics,https://www.digikey.com/en/products/detail/samsung-electro-mechanics/CL10B334KO8NNNC/3887706
"C39, C43, C44",3,10uF,C_1206_3216Metric_Pad1.33x1.80mm_HandSolder,,CL31A106KBHNNNE,,smt,10 µF ±10% 50V Ceramic Capacitor X5R 1206 (3216 Metric),Samsung Electro-Mechanics,https://www.digikey.com/en/products/detail/samsung-electro-mechanics/CL31A106KBHNNNE/3888534
"C41, C42, C45, C47",4,22uF,C_0805_2012Metric_Pad1.18x1.45mm_HandSolder,,CL21A226MOCLRNC,,smt,22 µF ±20% 16V Ceramic Capacitor X5R 0805 (2012 Metric),Samsung Electro-Mechanics,https://www.digikey.com/en/products/detail/samsung-electro-mechanics/CL21A226MOCLRNC/5961264
C7,1,1u,C_0603_1608Metric_Pad1.08x0.95mm_HandSolder,,CL10B105KP8NNNC,,smt,1 µF ±10% 10V Ceramic Capacitor X7R 0603 (1608 Metric),Samsung Electro-Mechanics,https://www.digikey.com/en/products/detail/samsung-electro-mechanics/CL10B105KP8NNNC/3887604
"D1, D2, D3, D5, D6, D7",6,SMD110PL-TP,D_SOD-123F,,SMD110PL-TP,,smt,Diode 100 V 1A Surface Mount SOD-123FL,MCC (Micro Commercial Components),https://www.digikey.com/en/products/detail/mcc-micro-commercial-components/SMD110PL-TP/2698532
D4,1,LED,LED_0603_1608Metric_Pad1.05x0.95mm_HandSolder,,LTST-C190GKT,,smt,Green 569nm LED Indication - Discrete 2.1V 0603 (1608 Metric),Lite-On Inc.,https://www.digikey.com/en/products/detail/liteon/LTST-C190GKT/269230
"IC3, IC4",2,MPX5500DP,MPX5500DP,,MPX5500DP,,tht,"Pressure Sensor 72.52PSI (500kPa) Differential Male - 0.19"" (4.93mm) Tube, Dual 0.2 V ~ 4.7 V 6-SIP Module",NXP USA Inc.,https://www.digikey.com/en/products/detail/nxp-usa-inc/MPX5500DP/608501
J1,1,DC Motor Terminal,TE_1985218,,1985218,,tht,"4 Position Wire to Board Terminal Block 45° (135°) Angle with Board 0.138"" (3.50mm) Through Hole",Phoenix Contact,https://www.digikey.com/en/products/detail/phoenix-contact/1985218/568661
J18,1,Programmer,61200621621,,61200621621,,tht,"Connector Header Through Hole 6 position 0.100"" (2.54mm)",Würth Elektronik,https://www.digikey.com/en/products/detail/w%C3%BCrth-elektronik/61200621621/4846913
J2,1,Solenoid Terminal,PHX_16PIN_1985292,,1985292,,tht,"12 Position Wire to Board Terminal Block 45° (135°) Angle with Board 0.138"" (3.50mm) Through Hole",Phoenix Contact,https://www.digikey.com/en/products/detail/phoenix-contact/1985292/568669
J3,1,Brushless Vac Motor,TE_1985205,,1985205,,tht,"Generic screw terminal, single row, 01x03, script generated (kicad-library-utils/schlib/autogen/connector/)",Phoenix Contact,https://www.digikey.com/en/products/detail/phoenix-contact/1985205/568660?s=N4IgTCBcDaIIwE4AcBWMAGFIC6BfIA
J4,1,54-00127,TENSILITY_54-00127,,54-00127,,tht,"Power Barrel Connector Jack 2.10mm ID (0.083""), 5.50mm OD (0.217"") Through Hole, Right Angle",Tensility International Corp,https://www.digikey.com/en/products/detail/tensility-international-corp/54-00127/9685436
J5,1,Brushless Pump Motor,TE_1985205,,1985205,,tht,"Generic screw terminal, single row, 01x03, script generated (kicad-library-utils/schlib/autogen/connector/)",Phoenix Contact,https://www.digikey.com/en/products/detail/phoenix-contact/1985205/568660?s=N4IgTCBcDaIIwE4AcBWMAGFIC6BfIA
PS1,1,TPSM84338RCJR,CONV_TPSM84338RCJR,,TPSM84338RCJR,,tht,Non-Isolated PoL Module DC DC Converter 1 Output 0.6 ~ 17V 3A 3.8V - 28V Input,Texas Instruments,https://www.digikey.com/en/products/detail/texas-instruments/TPSM84338RCJR/25881347
"Q1, Q2, Q3, Q4, Q5, Q6",6,MMBT2222A,SOT-23,,MMBT2222A,,smt,"600mA Ic, 40V Vce, NPN Transistor, SOT-23",Diotec Semiconductor,https://www.digikey.com/en/products/detail/diotec-semiconductor/MMBT2222A/13163394
R11,1,300,R_0603_1608Metric_Pad0.98x0.95mm_HandSolder,,RG1608P-301-B-T5,,smt,"300 Ohms ±0.1% 0.1W, 1/10W Chip Resistor 0603 (1608 Metric) Anti-Sulfur, Automotive AEC-Q200 Thin Film",Susumu,https://www.digikey.com/en/products/detail/susumu/RG1608P-301-B-T5/1240548
R12,1,4.7k,R_0603_1608Metric_Pad0.98x0.95mm_HandSolder,,RG1608P-472-B-T5,,smt,"4.7 kOhms ±0.1% 0.1W, 1/10W Chip Resistor 0603 (1608 Metric) Anti-Sulfur, Automotive AEC-Q200 Thin Film",Susumu,https://www.digikey.com/en/products/detail/susumu/RG1608P-472-B-T5/1240593
"R13, R16, R18, R20, R22, R3, R7",7,470,R_0603_1608Metric_Pad0.98x0.95mm_HandSolder,,RC0603JR-07470RL,,smt,"470 Ohms ±5% 0.1W, 1/10W Chip Resistor 0603 (1608 Metric) Moisture Resistant Thick Film",YAGEO,https://www.digikey.com/en/products/detail/yageo/RC0603JR-07470RL/726791
"R14, R17, R19, R2, R21, R23, R4",7,10k,R_0603_1608Metric_Pad0.98x0.95mm_HandSolder,,RMCF0603JT10K0,,smt,"10 kOhms ±5% 0.1W, 1/10W Chip Resistor 0603 (1608 Metric) Automotive AEC-Q200 Thick Film",Stackpole Electronics Inc,https://www.digikey.com/en/products/detail/stackpole-electronics-inc/RMCF0603JT10K0/1758104
"R15, R5",2,18k,R_1206_3216Metric_Pad1.30x1.75mm_HandSolder,,CR1206-FX-1802ELF,,smt,"18 kOhms ±1% 0.25W, 1/4W Chip Resistor 1206 (3216 Metric) Moisture Resistant Thick Film",Bourns Inc.,https://www.digikey.com/en/products/detail/bourns-inc/CR1206-FX-1802ELF/2562821
R24,1,82k,C_0603_1608Metric_Pad1.08x0.95mm_HandSolder,,RR0816P-823-D,,smt,"82 kOhms ±0.5% 0.063W, 1/16W Chip Resistor 0603 (1608 Metric) Thin Film",Susumu,https://www.digikey.com/en/products/detail/susumu/RR0816P-823-D/432231
"R25, R26",2,750,R_0603_1608Metric_Pad0.98x0.95mm_HandSolder,,RG1608P-751-B-T5,,smt,"750 Ohms ±0.1% 0.1W, 1/10W Chip Resistor 0603 (1608 Metric) Anti-Sulfur, Automotive AEC-Q200 Thin Film",Susumu,https://www.digikey.com/en/products/detail/susumu/RG1608P-751-B-T5/1240626
R9,1,10k,C_0603_1608Metric_Pad1.08x0.95mm_HandSolder,,RR0816P-103-D,,smt,"10 kOhms ±0.5% 0.063W, 1/16W Chip Resistor 0603 (1608 Metric) Thin Film",Susumu,https://www.digikey.com/en/products/detail/susumu/RR0816P-103-D/432209
"SW1, SW2",2,~,PTS647SN50SMTR2LFS,,PTS647SN50SMTR2 LFS,,smt,Tactile Switch SPST-NO Top Actuated Surface Mount,C&K,https://www.digikey.com/en/products/detail/c-k/pts647sn50smtr2-lfs/9649857
"TP3, TP4, TP5, TP6",4,TestPoint_Probe,TestPoint_Keystone_5000-5004_Miniature,,,,tht,,,
U1,1,ER-TFTM032-3,GCT_FFC3B07-40-T,,FFC3B07-40-T,,smt,"40 Position FFC, FPC Connector Contacts, Bottom 0.039"" (1.00mm) Surface Mount, Right Angle",GCT,https://www.digikey.com/en/products/detail/gct/FFC3B07-40-T/10656983
U10,1,AZ1117-5.0,SOT-223-3_TabPin2,,AZ1117IH-5.0TRG1,,smt,Linear Voltage Regulator IC Positive Fixed 1 Output 1A SOT-223-3,Diodes Incorporated,https://www.digikey.com/en/products/detail/diodes-incorporated/AZ1117IH-5-0TRG1/5699673
U11,1,ESP32-S3-WROOM-1U-N16R8,XCVR_ESP32-S3-WROOM-1U-N16R8,,ESP32-S3-WROOM-1U-N16R8,,smt,"Bluetooth, WiFi 802.11b/g/n, Bluetooth v5.0 Transceiver Module 2.4GHz Antenna Not Included, U.FL Surface Mount",Espressif Systems,https://www.digikey.com/en/products/detail/espressif-systems/ESP32-S3-WROOM-1U-N16R8/16162641
U2,1,ADS1219IPWR,SOP65P640X120-16N,,ADS1219IPWR,,smt,24 Bit Analog to Digital Converter 4 Input 1 Sigma-Delta 16-TSSOP,Texas Instruments,https://www.digikey.com/en/products/detail/texas-instruments/ADS1219IPWR/9597825
"U3, U8",2,DRV8871DDA,Texas_HTSOP-8-1EP_3.9x4.9mm_P1.27mm_EP2.95x4.9mm_Mask2.4x3.1mm_ThermalVias,,DRV8871DDAR,,smt,"Brushed DC Motor Driver, PWM Control, 45V, 3.6A, Current limiting, HTSOP-8",Texas Instruments,https://www.digikey.com/en/products/detail/texas-instruments/DRV8871DDAR/5722182
U4,1,AP7361C-33E,SOT-223-3_TabPin2,,AP7361C-33E-13,,smt,"1A Low Dropout regulator, positive, 3.3V fixed output, SOT-223",Diodes Incorporated,https://www.digikey.com/en/products/detail/diodes-incorporated/AP7361C-33E-13/5638317
U5,1,74LVC2T45DC,VSSOP-8_2.3x2mm_P0.5mm,,"74LVC2T45DC,125",,smt,Voltage Level Translator Bidirectional 1 Circuit 2 Channel 420Mbps 8-VSSOP,Nexperia USA Inc.,https://www.digikey.com/en/products/detail/nexperia-usa-inc/74LVC2T45DC-125/2530595
U6,1,TPS7A2050PDBVR,SOT-23-5,,TPS7A2050PDBVR,,smt,Linear Voltage Regulator IC Positive Fixed 1 Output 300mA SOT-23-5,Texas Instruments,https://www.digikey.com/en/products/detail/texas-instruments/TPS7A2050PDBVR/13566862
U7,1,DS3232M,SOIC-8_3.9x4.9mm_P1.27mm,,DS3232MZ+TRL,,smt,"Real Time Clock (RTC) IC Clock/Calendar 236B I2C, 2-Wire Serial 8-SOIC (0.154"", 3.90mm Width)",Analog Devices Inc./Maxim Integrated,https://www.digikey.com/en/products/detail/analog-devices-inc-maxim-integrated/DS3232MZ-TRL/3087654
