﻿pos_x,pos_y,rotation,side,designator,mpn,pack,footprint,value,mount_type
165.608,-121.158,-90.0,top,BT1,1056,,BAT_1056,1056,smt
171.196,-90.678,0.0,top,C10,CL10B104KO8NNNC,,C_0603_1608Metric_Pad1.08x0.95mm_HandSolder,0.1u,smt
203.454,-98.3715,-90.0,top,C11,CL10B104KO8NNNC,,C_0603_1608Metric_Pad1.08x0.95mm_HandSolder,0.1u,smt
202.942,-87.591,90.0,top,C12,UUX2A220MNL6GS,,CP_Elec_8x10,22uF,smt
195.576,-91.147,180.0,top,C13,CL31B104KEHSFNE,,C_1206_3216Metric_Pad1.33x1.80mm_HandSolder,0.1uF,smt
202.942,-75.145,90.0,top,C14,UUX2A220MNL6GS,,CP_Elec_8x10,22uF,smt
195.576,-78.701,180.0,top,C15,CL31B104KEHSFNE,,C_1206_3216Metric_Pad1.33x1.80mm_HandSolder,0.1uF,smt
110.744,-114.554,90.0,top,C16,CL21A106KOQNNNG,,C_0805_2012Metric_Pad1.18x1.45mm_HandSolder,10u,smt
128.680491,-121.511991,-90.0,top,C17,CL10B105KO8NNNC,,C_0603_1608Metric_Pad1.08x0.95mm_HandSolder,1uF,smt
130.204491,-121.257991,-90.0,top,C19,CL05B103KB5NNNC,,C_0402_1005Metric_Pad0.74x0.62mm_HandSolder,0.01uF,smt
128.680491,-125.067991,-90.0,top,C20,CL10C471JB8NNNC,,C_0603_1608Metric_Pad1.08x0.95mm_HandSolder,470pF,smt
160.274,-105.5635,90.0,top,C21,CL10B105KP8NNNC,,C_0603_1608Metric_Pad1.08x0.95mm_HandSolder,1uF,smt
158.496,-105.5635,-90.0,top,C22,GCM188R71H104KA57J,,C_0603_1608Metric_Pad1.08x0.95mm_HandSolder,0.1uF,smt
112.776,-114.3,90.0,top,C23,GCM188R71H104KA57J,,C_0603_1608Metric_Pad1.08x0.95mm_HandSolder,0.1uF,smt
205.994,-98.3715,-90.0,top,C24,CL10B104KO8NNNC,,C_0603_1608Metric_Pad1.08x0.95mm_HandSolder,0.1u,smt
153.924,-93.726,-90.0,top,C25,CL21A106KOQNNNG,,C_0805_2012Metric_Pad1.18x1.45mm_HandSolder,10u,smt
143.154,-101.078,-90.0,top,C26,CL21A106KOQNNNG,,C_0805_2012Metric_Pad1.18x1.45mm_HandSolder,10u,smt
143.154,-105.142,90.0,top,C27,CL21A106KOQNNNG,,C_0805_2012Metric_Pad1.18x1.45mm_HandSolder,10u,smt
148.617,-125.271267,-90.0,top,C28,CL10C471JB8NNNC,,C_0603_1608Metric_Pad1.08x0.95mm_HandSolder,470pF,smt
148.617,-121.715267,-90.0,top,C29,CL10B105KO8NNNC,,C_0603_1608Metric_Pad1.08x0.95mm_HandSolder,1uF,smt
150.141,-121.461267,-90.0,top,C30,CL05B103KB5NNNC,,C_0402_1005Metric_Pad0.74x0.62mm_HandSolder,0.01uF,smt
114.8005,-94.9775,90.0,top,C31,,,C_0603_1608Metric_Pad1.08x0.95mm_HandSolder,1uF,smt
120.6425,-94.9775,90.0,top,C32,,,C_0603_1608Metric_Pad1.08x0.95mm_HandSolder,1uF,smt
133.074,-99.9155,180.0,top,C34,CL10B104KO8NNNC,,C_0603_1608Metric_Pad1.08x0.95mm_HandSolder,0.1u,smt
120.523,-72.0355,90.0,top,C35,CL10B104KO8NNNC,,C_0603_1608Metric_Pad1.08x0.95mm_HandSolder,0.1u,smt
120.65,-80.264,90.0,top,C36,CL10B104KO8NNNC,,C_0603_1608Metric_Pad1.08x0.95mm_HandSolder,0.1u,smt
131.474491,-124.051991,0.0,top,C37,CL10B334KO8NNNC,,C_0603_1608Metric_Pad1.08x0.95mm_HandSolder,0.33uF,smt
151.411,-124.255267,0.0,top,C38,CL10B334KO8NNNC,,C_0603_1608Metric_Pad1.08x0.95mm_HandSolder,0.33uF,smt
175.768,-91.44,90.0,top,C39,CL31A106KBHNNNE,,C_1206_3216Metric_Pad1.33x1.80mm_HandSolder,10uF,smt
173.736,-92.202,-90.0,top,C40,GCM188R71H104KA57J,,C_0603_1608Metric_Pad1.08x0.95mm_HandSolder,0.1uF,smt
167.386,-96.774,-90.0,top,C41,CL21A226MOCLRNC,,C_0805_2012Metric_Pad1.18x1.45mm_HandSolder,22uF,smt
165.20528,-96.774,-90.0,top,C42,CL21A226MOCLRNC,,C_0805_2012Metric_Pad1.18x1.45mm_HandSolder,22uF,smt
178.308,-91.44,90.0,top,C43,CL31A106KBHNNNE,,C_1206_3216Metric_Pad1.33x1.80mm_HandSolder,10uF,smt
180.848,-91.44,90.0,top,C44,CL31A106KBHNNNE,,C_1206_3216Metric_Pad1.33x1.80mm_HandSolder,10uF,smt
138.43,-71.374,-90.0,top,C45,CL21A226MOCLRNC,,C_0805_2012Metric_Pad1.18x1.45mm_HandSolder,22uF,smt
127.397,-95.029,90.0,top,C46,CL10B104KO8NNNC,,C_0603_1608Metric_Pad1.08x0.95mm_HandSolder,0.1u,smt
142.24,-93.3215,-90.0,top,C47,CL21A226MOCLRNC,,C_0805_2012Metric_Pad1.18x1.45mm_HandSolder,22uF,smt
138.2865,-76.454,0.0,top,C7,CL10B105KP8NNNC,,C_0603_1608Metric_Pad1.08x0.95mm_HandSolder,1u,smt
136.398,-71.628,-90.0,top,C8,CL10B104KO8NNNC,,C_0603_1608Metric_Pad1.08x0.95mm_HandSolder,0.1u,smt
133.074,-101.6935,180.0,top,C9,CL10B104KO8NNNC,,C_0603_1608Metric_Pad1.08x0.95mm_HandSolder,0.1u,smt
200.448,-112.472,0.0,top,D1,SMD110PL-TP,,D_SOD-123F,SMD110PL-TP,smt
195.622,-112.472,0.0,top,D2,SMD110PL-TP,,D_SOD-123F,SMD110PL-TP,smt
205.235,-112.472,0.0,top,D3,SMD110PL-TP,,D_SOD-123F,SMD110PL-TP,smt
140.208,-93.1805,90.0,top,D4,LTST-C190GKT,,LED_0603_1608Metric_Pad1.05x0.95mm_HandSolder,LED,smt
190.796,-112.472,0.0,top,D5,SMD110PL-TP,,D_SOD-123F,SMD110PL-TP,smt
185.97,-112.472,0.0,top,D6,SMD110PL-TP,,D_SOD-123F,SMD110PL-TP,smt
181.144,-112.472,0.0,top,D7,SMD110PL-TP,,D_SOD-123F,SMD110PL-TP,smt
121.168491,-129.794508,90.0,top,IC3,MPX5500DP,,MPX5500DP,MPX5500DP,tht
141.105,-129.836,90.0,top,IC4,MPX5500DP,,MPX5500DP,MPX5500DP,tht
216.658,-77.898,90.0,top,J1,1985218,,TE_1985218,DC Motor Terminal,tht
166.37,-78.74,-90.0,top,J18,61200621621,,61200621621,Programmer,tht
182.424,-118.11,0.0,top,J2,1985292,,PHX_16PIN_1985292,Solenoid Terminal,tht
216.658,-106.854,90.0,top,J3,1985205,,TE_1985205,Brushless Vac Motor,tht
178.95,-71.374,180.0,top,J4,54-00127,,TENSILITY_54-00127,54-00127,tht
216.658,-93.138,90.0,top,J5,1985205,,TE_1985205,Brushless Pump Motor,tht
170.688,-94.234,0.0,top,PS1,TPSM84338RCJR,,CONV_TPSM84338RCJR,TPSM84338RCJR,tht
205.235,-109.2485,-90.0,top,Q1,MMBT2222A,,SOT-23,MMBT2222A,smt
200.448,-109.2485,-90.0,top,Q2,MMBT2222A,,SOT-23,MMBT2222A,smt
195.622,-109.2485,-90.0,top,Q3,MMBT2222A,,SOT-23,MMBT2222A,smt
190.796,-109.2485,-90.0,top,Q4,MMBT2222A,,SOT-23,MMBT2222A,smt
185.97,-109.2485,-90.0,top,Q5,MMBT2222A,,SOT-23,MMBT2222A,smt
181.144,-109.2485,-90.0,top,Q6,MMBT2222A,,SOT-23,MMBT2222A,smt
123.1825,-94.115,0.0,top,R11,RG1608P-301-B-T5,,R_0603_1608Metric_Pad0.98x0.95mm_HandSolder,300,smt
123.1825,-95.893,180.0,top,R12,RG1608P-472-B-T5,,R_0603_1608Metric_Pad0.98x0.95mm_HandSolder,4.7k,smt
199.432,-105.36,-90.0,top,R13,RC0603JR-07470RL,,R_0603_1608Metric_Pad0.98x0.95mm_HandSolder,470,smt
201.464,-105.36,90.0,top,R14,RMCF0603JT10K0,,R_0603_1608Metric_Pad0.98x0.95mm_HandSolder,10k,smt
189.988,-91.147,0.0,top,R15,CR1206-FX-1802ELF,,R_1206_3216Metric_Pad1.30x1.75mm_HandSolder,18k,smt
194.606,-105.36,-90.0,top,R16,RC0603JR-07470RL,,R_0603_1608Metric_Pad0.98x0.95mm_HandSolder,470,smt
196.638,-105.36,90.0,top,R17,RMCF0603JT10K0,,R_0603_1608Metric_Pad0.98x0.95mm_HandSolder,10k,smt
189.78,-105.36,-90.0,top,R18,RC0603JR-07470RL,,R_0603_1608Metric_Pad0.98x0.95mm_HandSolder,470,smt
191.812,-105.36,90.0,top,R19,RMCF0603JT10K0,,R_0603_1608Metric_Pad0.98x0.95mm_HandSolder,10k,smt
138.2865,-74.676,0.0,top,R2,RMCF0603JT10K0,,R_0603_1608Metric_Pad0.98x0.95mm_HandSolder,10k,smt
184.954,-105.36,-90.0,top,R20,RC0603JR-07470RL,,R_0603_1608Metric_Pad0.98x0.95mm_HandSolder,470,smt
186.986,-105.36,90.0,top,R21,RMCF0603JT10K0,,R_0603_1608Metric_Pad0.98x0.95mm_HandSolder,10k,smt
180.128,-105.36,-90.0,top,R22,RC0603JR-07470RL,,R_0603_1608Metric_Pad0.98x0.95mm_HandSolder,470,smt
182.16,-105.36,90.0,top,R23,RMCF0603JT10K0,,R_0603_1608Metric_Pad0.98x0.95mm_HandSolder,10k,smt
166.624,-93.98,0.0,top,R24,RR0816P-823-D,,C_0603_1608Metric_Pad1.08x0.95mm_HandSolder,82k,smt
131.474491,-125.829991,0.0,top,R25,RG1608P-751-B-T5,,R_0603_1608Metric_Pad0.98x0.95mm_HandSolder,750,smt
151.411,-126.033267,0.0,top,R26,RG1608P-751-B-T5,,R_0603_1608Metric_Pad0.98x0.95mm_HandSolder,750,smt
204.219,-105.36,-90.0,top,R3,RC0603JR-07470RL,,R_0603_1608Metric_Pad0.98x0.95mm_HandSolder,470,smt
206.251,-105.36,90.0,top,R4,RMCF0603JT10K0,,R_0603_1608Metric_Pad0.98x0.95mm_HandSolder,10k,smt
189.988,-78.701,0.0,top,R5,CR1206-FX-1802ELF,,R_1206_3216Metric_Pad1.30x1.75mm_HandSolder,18k,smt
138.43,-94.996,-90.0,top,R7,RC0603JR-07470RL,,R_0603_1608Metric_Pad0.98x0.95mm_HandSolder,470,smt
166.116,-92.202,180.0,top,R9,RR0816P-103-D,,C_0603_1608Metric_Pad1.08x0.95mm_HandSolder,10k,smt
125.857,-73.5595,0.0,top,SW1,PTS647SN50SMTR2 LFS,,PTS647SN50SMTR2LFS,~,smt
125.984,-81.788,0.0,top,SW2,PTS647SN50SMTR2 LFS,,PTS647SN50SMTR2LFS,~,smt
119.126,-104.14,0.0,top,TP3,,,TestPoint_Keystone_5000-5004_Miniature,TestPoint_Probe,tht
123.698,-104.14,180.0,top,TP4,,,TestPoint_Keystone_5000-5004_Miniature,TestPoint_Probe,tht
114.554,-104.14,0.0,top,TP5,,,TestPoint_Keystone_5000-5004_Miniature,TestPoint_Probe,tht
128.27,-104.14,180.0,top,TP6,,,TestPoint_Keystone_5000-5004_Miniature,TestPoint_Probe,tht
105.246,-95.082,-90.0,top,U1,FFC3B07-40-T,,GCT_FFC3B07-40-T,ER-TFTM032-3,smt
148.082,-94.996,180.0,top,U10,AZ1117IH-5.0TRG1,,SOT-223-3_TabPin2,AZ1117-5.0,smt
150.0705,-79.45,0.0,top,U11,ESP32-S3-WROOM-1U-N16R8,,XCVR_ESP32-S3-WROOM-1U-N16R8,ESP32-S3-WROOM-1U-N16R8,smt
131.054,-94.953,-90.0,top,U2,ADS1219IPWR,,SOP65P640X120-16N,ADS1219IPWR,smt
191.37,-87.113,0.0,top,U3,DRV8871DDAR,,Texas_HTSOP-8-1EP_3.9x4.9mm_P1.27mm_EP2.95x4.9mm_Mask2.4x3.1mm_ThermalVias,DRV8871DDA,smt
148.844,-103.124,0.0,top,U4,AP7361C-33E-13,,SOT-223-3_TabPin2,AP7361C-33E,smt
204.72,-95.3235,180.0,top,U5,"74LVC2T45DC,125",,VSSOP-8_2.3x2mm_P0.5mm,74LVC2T45DC,smt
117.716,-95.065,0.0,top,U6,TPS7A2050PDBVR,,SOT-23-5,TPS7A2050PDBVR,smt
164.9685,-106.225,0.0,top,U7,DS3232MZ+TRL,,SOIC-8_3.9x4.9mm_P1.27mm,DS3232M,smt
191.37,-74.667,0.0,top,U8,DRV8871DDAR,,Texas_HTSOP-8-1EP_3.9x4.9mm_P1.27mm_EP2.95x4.9mm_Mask2.4x3.1mm_ThermalVias,DRV8871DDA,smt
